Toyota 2024 Tundra CREWMAX LIMITED,$72220,, Gasoline, 4x4,Stock #24238
Toyota 2024 TUNDRA HYBRID CREWMAX CAPSTONE,$90690,, Hybrid, 4x4,Stock #24199
Toyota 2024 VENZA HYBRID LIMITED,$52250,, Gasoline, All Wheel Drive,Stock #24152
Toyota 2024 Tundra CREWMAX LIMITED,$69650,, Gasoline, 4x4,Stock #24289
Toyota 2024 RAV4 XLE,$36850,, Gasoline, All Wheel Drive,Stock #24300
Toyota 2024 Tundra CREWMAX LIMITED,$72220,, Gasoline, 4x4,Stock #24156
Toyota 2024 COROLLA CROSS LE,$30945,, Gasoline, All Wheel Drive,Stock #24067
Toyota 2024 Tundra CREWMAX LIMITED,$69650,, Gasoline, 4x4,Stock #24299
Toyota 2024 RAV4 XLE,$36850,, Gasoline, All Wheel Drive,Stock #24301
Toyota 2024 RAV4 XLE,$36850,, Gasoline, All Wheel Drive,Stock #24302
Toyota 2024 Tundra CREWMAX PLATINUM L,$79450,, Gasoline, 4x4,Stock #24282
Toyota 2024 Tundra CREWMAX LIMITED,$72220,, Gasoline, 4x4,Stock #24170