2024ToyotaTundra,60,810,SR5 CrewMax L,#TB1954,4x4, Adaptive Cruise Control, Air Conditioning, Anti-Lock Brakes, Backup Camera, Bluetooth, Cruise Control, Heated Seats (Front)
2024ToyotaCorolla,30,450,Hybrid SE,#TB1963,Adaptive Cruise Control, Air Conditioning, All Wheel Drive, Anti-Lock Brakes, Backup Camera, Bluetooth, Cruise Control, Heated Seats (Front)
2024ToyotaRAV4,33,150,LE,#TB1953,Adaptive Cruise Control, Air Conditioning, All Wheel Drive, Anti-Lock Brakes, Backup Camera, Bluetooth, Cruise Control, Heated Seats (Front)
2024ToyotaCorolla,28,800,SE CVT,#TB1948,Adaptive Cruise Control, Air Conditioning, Anti-Lock Brakes, Backup Camera, Bluetooth, Cruise Control, Heated Seats (Front), Keyless Entry
2024ToyotaRAV4,33,150,LE,#TB1961,Adaptive Cruise Control, Air Conditioning, All Wheel Drive, Anti-Lock Brakes, Backup Camera, Bluetooth, Cruise Control, Heated Seats (Front)
2024ToyotaRAV4,33,150,LE,#TB1960,Adaptive Cruise Control, Air Conditioning, All Wheel Drive, Anti-Lock Brakes, Backup Camera, Bluetooth, Cruise Control, Heated Seats (Front)
2024ToyotaTundra,62,760,SR CrewMax,#TB1955,4x4, Adaptive Cruise Control, Air Conditioning, Anti-Lock Brakes, Backup Camera, Bluetooth, Cruise Control, Keyless Entry
2024ToyotaHighlander,49,650,XLE,#TB1949,Adaptive Cruise Control, Air Conditioning, All Wheel Drive, Anti-Lock Brakes, Backup Camera, Bluetooth, Cruise Control, Heated Seats (Front)
2024ToyotaRAV4,33,150,LE,#TB1958,Adaptive Cruise Control, Air Conditioning, All Wheel Drive, Anti-Lock Brakes, Backup Camera, Bluetooth, Cruise Control, Heated Seats (Front)
2025ToyotaCamry,37,950,SE Upgrade Hybrid,#TB1928,Adaptive Cruise Control, Air Conditioning, All Wheel Drive, Anti-Lock Brakes, Backup Camera, Bluetooth, Cruise Control, Heated Seats (Front)
2024ToyotaRAV4,33,150,LE,#TB1938,Adaptive Cruise Control, Air Conditioning, All Wheel Drive, Anti-Lock Brakes, Backup Camera, Bluetooth, Cruise Control, Heated Seats (Front)
2024ToyotaRAV4,33,150,LE,#TB1939,Adaptive Cruise Control, Air Conditioning, All Wheel Drive, Anti-Lock Brakes, Backup Camera, Bluetooth, Cruise Control, Heated Seats (Front)
2024ToyotaGrand Highlander,50,490,XLE,#TB1933,Adaptive Cruise Control, Air Conditioning, All Wheel Drive, Anti-Lock Brakes, Backup Camera, Bluetooth, Cruise Control, Heated Seats (Front)
2024ToyotaTundra,73,350,Limited Hybrid CrewMax,#TB1874,4x4, Adaptive Cruise Control, Air Conditioning, Anti-Lock Brakes, Backup Camera, Bluetooth, Cruise Control, Heated Seats (Front)
2024ToyotaRAV4,44,750,Limited,#TB1819,Adaptive Cruise Control, Air Conditioning, All Wheel Drive, Anti-Lock Brakes, Backup Camera, Bluetooth, Cruise Control, Heated Seats (Front)
2024ToyotaTundra,79,450,Platinum,#TB1662,4x4, Adaptive Cruise Control, Air Conditioning, Anti-Lock Brakes, Backup Camera, Bluetooth, Cruise Control, Heated Seats (Front)
2024ToyotaTundra,60,450,SR,#TB1661,4x4, Adaptive Cruise Control, Air Conditioning, Anti-Lock Brakes, Backup Camera, Bluetooth, Cruise Control, Keyless Entry